{
  "Ansi 3 Color" : {
    "Red Component" : 1,
    "Color Space" : "sRGB",
    "Blue Component" : 0.38809695839881897,
    "Alpha Component" : 1,
    "Green Component" : 0.79957360029220581
  },
  "Tags" : [

  ],
  "Ansi 12 Color" : {
    "Red Component" : 0.52530020475387573,
    "Color Space" : "sRGB",
    "Blue Component" : 1,
    "Alpha Component" : 1,
    "Green Component" : 0.86671668291091919
  },
  "Ansi 7 Color" : {
    "Red Component" : 0.80396169424057007,
    "Color Space" : "sRGB",
    "Blue Component" : 0.873462975025177,
    "Alpha Component" : 1,
    "Green Component" : 0.82556074857711792
  },
  "Ansi 8 Color" : {
    "Red Component" : 0.12984204292297363,
    "Color Space" : "sRGB",
    "Blue Component" : 0.12984395027160645,
    "Alpha Component" : 1,
    "Green Component" : 0.12984612584114075
  },
  "Bold Color" : {
    "Red Component" : 0.68367141485214233,
    "Color Space" : "sRGB",
    "Blue Component" : 0.80040305852890015,
    "Alpha Component" : 1,
    "Green Component" : 0.75589150190353394
  },
  "Ansi 9 Color" : {
    "Red Component" : 1,
    "Color Space" : "sRGB",
    "Blue Component" : 0.43036305904388428,
    "Alpha Component" : 1,
    "Green Component" : 0.3144170343875885
  },
  "Ansi 2 Color" : {
    "Red Component" : 0.76247543096542358,
    "Color Space" : "sRGB",
    "Blue Component" : 0.53555089235305786,
    "Alpha Component" : 1,
    "Green Component" : 0.91555076837539673
  },
  "Ansi 5 Color" : {
    "Red Component" : 0.78302878141403198,
    "Color Space" : "sRGB",
    "Blue Component" : 0.92526674270629883,
    "Alpha Component" : 1,
    "Green Component" : 0.5611909031867981
  },
  "Rows" : 25,
  "Default Bookmark" : "No",
  "Cursor Guide Color" : {
    "Red Component" : 0.70213186740875244,
    "Color Space" : "sRGB",
    "Blue Component" : 1,
    "Alpha Component" : 0.08587646484375,
    "Green Component" : 0.9268307089805603
  },
  "Non-ASCII Anti Aliased" : true,
  "Use Bright Bold" : true,
  "Ansi 10 Color" : {
    "Red Component" : 0.76247543096542358,
    "Color Space" : "sRGB",
    "Blue Component" : 0.53555089235305786,
    "Alpha Component" : 1,
    "Green Component" : 0.91555076837539673
  },
  "Use Cursor Guide" : true,
  "Ambiguous Double Width" : false,
  "Jobs to Ignore" : [
    "rlogin",
    "ssh",
    "slogin",
    "telnet"
  ],
  "Ansi 15 Color" : {
    "Red Component" : 0.80396169424057007,
    "Color Space" : "sRGB",
    "Blue Component" : 0.873462975025177,
    "Alpha Component" : 1,
    "Green Component" : 0.82556074857711792
  },
  "Foreground Color" : {
    "Red Component" : 0.75215941667556763,
    "Color Space" : "sRGB",
    "Blue Component" : 0.87353497743606567,
    "Alpha Component" : 1,
    "Green Component" : 0.82777673006057739
  },
  "Bound Hosts" : [

  ],
  "Working Directory" : "\/Users\/matt",
  "Blinking Cursor" : true,
  "Disable Window Resizing" : true,
  "Sync Title" : false,
  "Prompt Before Closing 2" : false,
  "BM Growl" : true,
  "Command" : "",
  "Description" : "Default",
  "Mouse Reporting" : true,
  "Screen" : -1,
  "Selection Color" : {
    "Red Component" : 0.75215941667556763,
    "Color Space" : "sRGB",
    "Blue Component" : 0.87353497743606567,
    "Alpha Component" : 1,
    "Green Component" : 0.82777673006057739
  },
  "Columns" : 120,
  "Idle Code" : 0,
  "Ansi 13 Color" : {
    "Red Component" : 0.78302878141403198,
    "Color Space" : "sRGB",
    "Blue Component" : 0.92526674270629883,
    "Alpha Component" : 1,
    "Green Component" : 0.5611909031867981
  },
  "Custom Command" : "No",
  "ASCII Anti Aliased" : true,
  "Non Ascii Font" : "Hack-Regular 11",
  "Vertical Spacing" : 1,
  "Use Bold Font" : true,
  "Option Key Sends" : 2,
  "Selected Text Color" : {
    "Red Component" : 0.12984204292297363,
    "Color Space" : "sRGB",
    "Blue Component" : 0.12984395027160645,
    "Alpha Component" : 1,
    "Green Component" : 0.12984612584114075
  },
  "Background Color" : {
    "Red Component" : 0.12156862765550613,
    "Color Space" : "sRGB",
    "Blue Component" : 0.16078431904315948,
    "Alpha Component" : 1,
    "Green Component" : 0.14117647707462311
  },
  "Character Encoding" : 4,
  "Ansi 11 Color" : {
    "Red Component" : 1,
    "Color Space" : "sRGB",
    "Blue Component" : 0.38809695839881897,
    "Alpha Component" : 1,
    "Green Component" : 0.79957360029220581
  },
  "Use Italic Font" : true,
  "Unlimited Scrollback" : true,
  "Keyboard Map" : {
    "0x19-0x60000" : {
      "Action" : 2,
      "Text" : ""
    },
    "0xf702-0x280000" : {
      "Text" : "b",
      "Action" : 10
    },
    "0xf70d-0x20000" : {
      "Text" : "[21;2~",
      "Action" : 10
    },
    "0x2f-0x100000" : {
      "Text" : "0x1B 0x5E 0x69 0x2F 0x2F 0x20 0x1B",
      "Action" : 11
    },
    "0xf701-0x280000" : {
      "Text" : "0x1b 0x1b 0x5b 0x42",
      "Action" : 11
    },
    "0x33-0x40000" : {
      "Text" : "0x1b",
      "Action" : 11
    },
    "0xf703-0x260000" : {
      "Text" : "[1;6C",
      "Action" : 10
    },
    "0xf729-0x20000" : {
      "Text" : "[1;2H",
      "Action" : 10
    },
    "0xf708-0x20000" : {
      "Text" : "[15;2~",
      "Action" : 10
    },
    "0x70-0x100000" : {
      "Text" : "",
      "Action" : 13
    },
    "0x71-0x100000" : {
      "Action" : 13,
      "Text" : ""
    },
    "0x72-0x100000" : {
      "Text" : "",
      "Action" : 13
    },
    "0xf700-0x280000" : {
      "Text" : "0x1b 0x1b 0x5b 0x41",
      "Action" : 11
    },
    "0x73-0x100000" : {
      "Text" : "0x1b 0x3A 0x77 0x0D",
      "Action" : 11
    },
    "0xf702-0x260000" : {
      "Text" : "[1;6D",
      "Action" : 10
    },
    "0x38-0x40000" : {
      "Text" : "0x7f",
      "Action" : 11
    },
    "0xf72b-0x40000" : {
      "Text" : "[1;5F",
      "Action" : 10
    },
    "0xf70c-0x20000" : {
      "Text" : "[20;2~",
      "Action" : 10
    },
    "0x21-0x120000" : {
      "Text" : "0x1b 0x3A 0x74 0x61 0x62 0x72 0x0D",
      "Action" : 11
    },
    "0xf701-0x260000" : {
      "Text" : "[1;6B",
      "Action" : 10
    },
    "0x32-0x40000" : {
      "Text" : "0x00",
      "Action" : 11
    },
    "0xf707-0x20000" : {
      "Text" : "[1;2S",
      "Action" : 10
    },
    "0xf703-0x240000" : {
      "Text" : "[1;5C",
      "Action" : 10
    },
    "0x9-0x40000" : {
      "Action" : 0,
      "Text" : ""
    },
    "0xf700-0x260000" : {
      "Text" : "[1;6A",
      "Action" : 10
    },
    "0xf702-0x240000" : {
      "Text" : "[1;5D",
      "Action" : 10
    },
    "0x37-0x40000" : {
      "Text" : "0x1f",
      "Action" : 11
    },
    "0xf701-0x240000" : {
      "Text" : "[1;5B",
      "Action" : 10
    },
    "0xf70b-0x20000" : {
      "Text" : "[19;2~",
      "Action" : 10
    },
    "0xf703-0x220000" : {
      "Text" : "[1;2C",
      "Action" : 10
    },
    "0xf706-0x20000" : {
      "Text" : "[1;2R",
      "Action" : 10
    },
    "0xd-0x120000" : {
      "Text" : "0x1b 0x4F",
      "Action" : 11
    },
    "0xf700-0x240000" : {
      "Text" : "[1;5A",
      "Action" : 10
    },
    "0xf702-0x220000" : {
      "Text" : "[1;2D",
      "Action" : 10
    },
    "0x3f-0x120000" : {
      "Text" : "0x1B 0x5E 0x69 0x23 0x20 0x1B",
      "Action" : 11
    },
    "0x36-0x40000" : {
      "Text" : "0x1e",
      "Action" : 11
    },
    "0xf70f-0x1c0000" : {
      "Text" : ":syntax on | set mouse=a tabstop=4 autoindent cindent expandtab shiftwidth=4 nu rnu timeoutlen=1000 ttimeoutlen=0 laststatus=2 hlsearch",
      "Action" : 10
    },
    "0xf70f-0x20000" : {
      "Text" : "[24;2~",
      "Action" : 10
    },
    "0xf701-0x220000" : {
      "Text" : "[1;2B",
      "Action" : 10
    },
    "0xf70a-0x20000" : {
      "Text" : "[18;2~",
      "Action" : 10
    },
    "0x33-0x80000" : {
      "Action" : 12,
      "Text" : "#"
    },
    "0xf729-0x40000" : {
      "Text" : "[1;5H",
      "Action" : 10
    },
    "0xf72b-0x20000" : {
      "Text" : "[1;2F",
      "Action" : 10
    },
    "0xf700-0x220000" : {
      "Text" : "[1;2A",